ID,Name,Date_of_Birth,Phone,Email
1,Mohamed Ali,12/05/1990,01055512345,mohamedali@gmail.com
2,Ahmed Saad,15/08/1985,01023456789,ahmedsaad@yahoo.com
3,Sara Mohamed,30/12/1988,01198765432,sara.mohamed@gmail.com
4,Missed,07/07/1992,01234567890,fatimaelsayed@outlook.com
5,Mohamed Khalil,20/01/1980,01511223344,mohamed.khalil@gmail.com
6,Ahmed Mostafa,12/09/1991,01012345678,ahmed.mostafa@gmail.com
7,Yasmin Hossam,03/11/1993,01122334455,yasmin.hossam@hotmail.com
8,Mohamed Gamal,15/06/1987,01234567891,mohamed.gamal@gmail.com
9,Salma Nasr,12/05/1994,01599887766,salma.nasr@gmail.com
10,Khalid Omar,22/08/1982,01099887766,khalid.omar@outlook.com
11,Laila Mostafa,30/04/1989,01155667788,laila.mostafa@hotmail.com
12,Hassan Mohamed,07/07/1980,01233445566,hassan.mohamed@yahoo.com
13,Mona Ahmed,18/03/1991,01566778899,mona.ahmed@gmail.com
14,Ramy Selim,11/11/1983,01077889900,ramy.selim@yahoo.com
15,Nada Mostafa,28/02/1986,01188990011,nada.mostafa@gmail.com
16,Omar Farouk,05/10/1990,01299887766,omar.farouk@outlook.com
17,Sara Ibrahim,09/07/1995,01011223344,sara.ibrahim@gmail.com
18,Ali Nasser,20/06/1992,01122113344,ali.nasser@gmail.com
19,Dina Ahmed,25/12/1987,01533445577,dina.ahmed@hotmail.com
20,Karim Mostafa,17/09/1984,01055667788,karim.mostafa@outlook.com
21,Fady Kamal,03/02/1990,01598765432,fady.kamal@gmail.com
22,Marwa Elsayed,14/06/1988,01211223344,marwa.elsayed@hotmail.com
23,Tamer Adel,22/07/1993,01066778899,tamer.adel@outlook.com
24,Nour Hassan,08/12/1985,01199887766,nour.hassan@yahoo.com
25,Lama Youssef,05/11/1991,01533445566,lama.youssef@gmail.com
26,Omar Tarek,30/09/1987,01044556677,omar.tarek@hotmail.com
27,Shady Karim,13/05/1996,01222334455,shady.karim@gmail.com
28,Nesma Fawzy,07/08/1992,01555667788,nesma.fawzy@outlook.com
29,Bassem Adel,27/04/1983,01033445566,bassem.adel@yahoo.com
30,Yara Mostafa,02/10/1994,01144556677,yara.mostafa@gmail.com
31,Samir Nabil,18/01/1995,01255667788,samir.nabil@hotmail.com
32,Hany Salah,25/07/1990,01522334455,hany.salah@outlook.com
33,Nouran Tarek,29/03/1989,01099887766,nouran.tarek@gmail.com
34,Karim Gamil,19/09/1986,01133445566,karim.gamil@yahoo.com
35,Yasmine Zaki,06/12/1987,01566778899,yasmine.zaki@gmail.com
36,Omar Elhady,04/05/1982,01222334455,omar.elhady@hotmail.com
37,Basma Ahmed,16/10/1991,01033445566,basma.ahmed@gmail.com
38,Kareem Hossam,09/02/1985,01199887766,kareem.hossam@yahoo.com
39,Nadia Youssef,20/07/1993,01544556677,nadia.youssef@outlook.com
40,Ahmed Tamer,22/11/1984,01266778899,ahmed.tamer@gmail.com
41,Nour Emad,03/03/1990,01022334455,nour.emad@hotmail.com
42,Salim Omar,12/09/1992,01155667788,salim.omar@yahoo.com
43,Reem Taha,05/08/1995,01599887766,reem.taha@gmail.com
44,Hassan Ali,28/04/1983,01044556677,hassan.ali@outlook.com
45,Mariam Samir,18/06/1988,01222334455,mariam.samir@gmail.com
